/*
 Navicat Premium Data Transfer

 Source Server         : lijinghuan
 Source Server Type    : MySQL
 Source Server Version : 100110
 Source Host           : localhost
 Source Database       : heilongjiang

 Target Server Type    : MySQL
 Target Server Version : 100110
 File Encoding         : utf-8

 Date: 02/07/2018 10:36:03 AM
*/

SET NAMES utf8mb4;
SET FOREIGN_KEY_CHECKS = 0;

-- ----------------------------
--  Table structure for `city`
-- ----------------------------
DROP TABLE IF EXISTS `city`;
CREATE TABLE `city` (
  `id` int(11) NOT NULL,
  `city_name` varchar(255) DEFAULT NULL,
  `info` varchar(255) DEFAULT NULL,
  `src` varchar(255) DEFAULT NULL,
  PRIMARY KEY (`id`)
) ENGINE=InnoDB DEFAULT CHARSET=utf8;

-- ----------------------------
--  Records of `city`
-- ----------------------------
BEGIN;
INSERT INTO `city` VALUES ('1', '哈尔滨', '璀璨冰城', 'http://localhost/TourismApp/interface/img/city/heb.jpeg'), ('2', '齐齐哈尔', '烤肉与鹤都', 'http://localhost/TourismApp/interface/img/city/qqhe.jpeg'), ('3', '牡丹江', '北国小江南', 'http://localhost/TourismApp/interface/img/city/mdj.jpeg'), ('4', '佳木斯', '名族风情', 'http://localhost/TourismApp/interface/img/city/jms.jpeg'), ('5', '鸡西', '边境上的风景', 'http://localhost/TourismApp/interface/img/city/jx.jpeg'), ('6', '大庆', '铁人文化', 'http://localhost/TourismApp/interface/img/city/dq.jpeg'), ('7', '鹤岗', '自然景观', 'http://localhost/TourismApp/interface/img/city/hg.jpeg'), ('8', '七台河', '惬意和悠闲', 'http://localhost/TourismApp/interface/img/city/qth.jpeg'), ('9', '双鸭山', '秀美山河', 'http://localhost/TourismApp/interface/img/city/sys.jpeg'), ('10', '伊春', '北国九寨', 'http://localhost/TourismApp/interface/img/city/yc.jpeg'), ('11', '绥化', '北国古城', 'http://localhost/TourismApp/interface/img/city/sh.jpeg'), ('12', '黑河', '北国之北', 'http://localhost/TourismApp/interface/img/city/hh.jpeg'), ('13', '大兴安岭', '北国风光', 'http://localhost/TourismApp/interface/img/city/dxal.jpeg');
COMMIT;

-- ----------------------------
--  Table structure for `collection`
-- ----------------------------
DROP TABLE IF EXISTS `collection`;
CREATE TABLE `collection` (
  `id` int(11) NOT NULL AUTO_INCREMENT,
  `user_id` int(11) NOT NULL DEFAULT '1',
  `scenery_id` int(11) DEFAULT NULL,
  PRIMARY KEY (`id`)
) ENGINE=InnoDB DEFAULT CHARSET=utf8;

-- ----------------------------
--  Table structure for `recommend`
-- ----------------------------
DROP TABLE IF EXISTS `recommend`;
CREATE TABLE `recommend` (
  `id` int(11) NOT NULL,
  `city_id` int(11) DEFAULT NULL,
  `name` varchar(255) DEFAULT NULL,
  `level` varchar(255) DEFAULT NULL,
  `type` varchar(255) DEFAULT NULL,
  `route` varchar(255) DEFAULT NULL,
  `telephone` varchar(255) DEFAULT NULL,
  `address` varchar(255) DEFAULT NULL,
  `introduce` text,
  `src` varchar(255) DEFAULT NULL,
  PRIMARY KEY (`id`)
) ENGINE=InnoDB DEFAULT CHARSET=utf8;

-- ----------------------------
--  Records of `recommend`
-- ----------------------------
BEGIN;
INSERT INTO `recommend` VALUES ('1', '1', '哈尔滨市太阳岛风景区', '5', '自然景观、游玩休闲、冰雪游', '29、80、85路', '0451-88192966', '哈尔滨市-太阳岛风景区-临江街-10号', '哈尔滨太阳岛风景名胜区，国家5A级旅游景区，占地面积88平方公里，外围保护地带规划控制面积为88平方公里，坐落在哈尔滨市松花江北岸，与繁华的市区隔水相望，是全国著名的旅游避暑胜地，是江漫滩湿地草原型风景名胜区夏日，柳绿花红，草木茂盛，花香四溢，白沙碧水，江涛万顷，游人如织；秋时，枫红柏绿，金叶复径，老圃黄花，层林尽染，乘兴登岛一游，则宛如漫步于色彩绚丽的人间仙境；冬季，飞雪轻舞，玉树银花，银装素裹，构成了一幅独具特色的北国风景画卷，素有“北国风光赛江南”之美誉。', 'http://localhost/TourismApp/interface/img/scenery/heb_tyd.jpeg'), ('2', '1', '凤凰山森林旅游区', '4', '自然景观、动植物园、冰雪游', '长途汽车', '0451-53573147', '哈尔滨市-五常市-山河屯林业局-施业区内-张广才岭西坡', '黑龙江凤凰山国家森林公园AAAA级景区，是一个环境优美的森林公园。坐落在黑龙江省山河屯林业局凤凰山经营所施业区内，位于长白山系张广才西坡，“天鹅”腹部之上。总面积为5万公顷，有海拔1000米以上山峰89座，主峰海拔1696.2米，为张广才岭之岭首。凤凰山因1994年\"UFO\"事件而驰名中外。如今她正以山雄水澈，峰青峦秀的旖旎身姿，静待知音。', 'http://localhost/TourismApp/interface/img/scenery/heb_fhs.jpg'), ('3', '2', '扎龙自然保护区', '4', '湿地、游玩休闲、冰雪游', '306路', '0452-2441346', '齐齐哈尔-铁锋区-扎龙镇-扎龙存', '扎龙国家级自然保护区是中国最大、世界闻名的扎龙湿地，位于黑龙江省齐齐哈尔市东南30千米处。总面积21万公顷，为亚洲第一、世界第四，也是世界最大的芦苇湿地，是中国首个国家级自然保护区，被列入中国首批“世界重要湿地名录”。扎龙景区是国家AAAA级旅游景区，景区内湖泽密布，苇草丛生，是水禽等鸟类栖息繁衍的天然乐园。世界上现有鹤类15种，中国有9种，扎龙有6种；全世界丹顶鹤不足2000只，扎龙就有400多只', 'http://localhost/TourismApp/interface/img/scenery/qqhe_zl.jpg'), ('4', '3', '牡丹江镜泊湖风景名胜区', '5', '自然景观、动植物园、冰雪游', '长途汽车', '0453-6996683', '牡丹江-西三条路-190号', '世界地质公园、国家重点风景名胜区、国际生态旅游度假避暑胜地、全国文明风景旅游区示范点、中国十佳休闲旅游胜地，中国最大、世界第二大高山堰塞湖镜泊湖位于黑龙江省牡丹江市宁安市，地处松花江支流牡丹江干流上，距宁安城50公里。湖面海拔351米，湖水平均深度40米，一般水位最高353米，最低345米，年平均流量每秒 9.2-10立方米，蓄水量16.25亿立方米。注入湖泊的河流除牡丹江干流外，还有大梨树沟河、尔站西沟河等小河流。唐代，满族先民——靺鞨人称镜泊湖为忽汗海，辽称扑鷰水，金称必尔腾湖，清初宁古塔流入以湖水照人如镜而命名为镜泊湖镜泊湖国家级风景名胜区由百里长湖景区、火山口原始森林景区、渤海国上京龙泉府遗址景区三部分组成，总体规划面积为1726平方公里。以湖光山色为主，兼有火山口地下原始森林、地下熔岩隧道等地质奇观，及唐代渤海国遗址为代表的历史人文景观，是可供科研、避暑、游览、观光、度假和文化交流活动的综合性景区。\n中文名 镜泊湖 外文名 Jingbo Lake 所属水系 松花江支流牡丹江水系 地理位置 黑龙江省牡丹江市宁安市境西南部 面    积 约95平方公里', 'http://localhost/TourismApp/interface/img/scenery/mdj_jph.jpg'), ('5', '1', '阿城平山旅游风景区', '4', '自然景观、游玩休闲、冰雪游', '长途汽车', '0451-53837739', '哈尔滨市-阿城-平山-神鹿滑雪场旅游区', '平山旅游区位于阿城境内，距哈尔滨市70公里，旅游区内有全国最大的半野生放养式鹿场，鹿场放养梅花鹿、马鹿1000余头，已成为黑龙江省黄金旅游带中一颗璀璨的明珠', 'http://localhost/TourismApp/interface/img/scenery/heb_ps.jpeg'), ('6', '1', '哈尔滨市呼兰河口湿地公园景区', '4', '湿地、自然景观', '551、552路', '0451-77775555', '哈尔滨市-呼兰区-腰堡街道-东岗村-呼兰老道', '呼兰河口湿地自然保护区位于呼兰区南部、松花江北岸、呼兰河河口。该工程包括湿地保护和监测、湿地恢复及保护区能力建设。将建管理站3个、瞭望塔3座、湿地监测站1个、水文监测点2处、气象监测点1处、动物救护站1处、野生动物疫源疫病监测站1处及动物疫源疫病监测点10处。该项目将退耕还湿255公顷，湿地植被恢复225公顷。建设项目投入资金合计3023.96万元。 从2008年起，哈尔滨市将用3年时间恢复建设国内面积最大的城市湿地——呼兰河口湿地，哈尔滨市内陆湿地生态系统及栖息的珍稀水禽资源将因此得到保护。该工程总面积19262公顷，年内将建科研监测、保护区管理站2个，建设鸟类环志站1个、野生动物疫源疫病监测站1个，恢复湿地面积125公顷。 呼兰河口湿地保护区恢复建成后，将成为我国面积最大的城市湿地', 'http://localhost/TourismApp/interface/img/scenery/heb_hlhk.jpg'), ('7', '2', '明月岛风景区', '4', '自然景观、动植物园、冰雪游', '6路', '0452-2711505', '齐齐哈尔-龙沙区-新江路', '明月岛 原名“泗水岛”。位于黑龙江省齐齐哈尔市区西北7公里的嫩江中游。江心岛。它形同一弯明月倒映在嫩江江水之中，故取名“明月岛”。岛屿东西长约4公里，南北宽约3公里，面积约7．6平方公里。自然环境优美。岛\n明月岛\n明月岛(5张)\n 屿地势蜿蜒起伏，草甸、沼泽错落，两条小河和5个岛中湖点缀其间，500余种植物和15万株树木覆盖着连绵沙丘。春夏时节，树林葱郁，草木繁茂，江鸥、翠鸟、云雀、百灵等争鸣斗艳。周围碧波环绕，水阔天远。岛上，清末有龙王庙，1925年修建了万善寺。当年人们来这里祭祀神灵，祈祷风调雨顺。中华人民共和国建立后，随着城市建设的发展，1982年正式辟为自然景观和古典建筑兼顾的风景游览区。 整个岛域分设森林区、园林植物区、园林生产区、体育活动区和游览区。在中心游览区内，修茸一新的四大古建筑，飞檐画栋，气宇轩昂，颇具北方民族特色。楼阁内的玉皇大帝、太白金星、托塔李天王等彩雕，情态各异，造型逼真。设计精美别致的四角、六角和八角清式古亭，绘制了艳丽夺目的9幅大型壁画，供游人观赏。环岛建有全国最长的儿童小铁路4．5公里，乘车可游览全岛风光', 'http://localhost/TourismApp/interface/img/scenery/qqhe_myd.jpg'), ('8', '4', '富锦湿地旅游区', '4', '湿地、自然景观、冰雪游', '长途汽车', '136345678909', '佳木斯-富锦市-锦山镇-黑鱼泡滞洪区', '富锦国家湿地公园，坐落在黑龙江省富锦市域内的富锦国家湿地公园总面积2200公顷，园区内有“二池、一亭、五区”八大游览娱乐景区。这片广茂的绿洲，也就成为了候鸟的重要繁殖地和迁徙地。经国家环志中心专家测察，在湿地公园内筑巢栖息的国家一级保护的鸟类有丹顶鹤、东方白鹳、白头鹤。国家二级保护的鸟类有白枕鹤、大天鹅、白琵鹭以及各种水禽达 42种', 'http://localhost/TourismApp/interface/img/scenery/jms_fjsd.jpeg'), ('9', '4', '汤原县大亮子河国家森林公园', '4', '动植物园、自然景观、冰雪游', '长途汽车', '130234567738', '佳木斯-汤原县-团亮公路', '黑龙江大亮子河国家森林公园位于黑龙江省佳木斯市汤原县大亮子河红松母树林场境内，地处小兴安岭余脉南麓，距离汤原县县城55公里，景区占地面积6689公顷。公园植被以针叶、针阔混交林为主，属典型长白山—小兴安岭植物区系，森林覆盖率为97%。空气中负氧离子含量4.6万个/立方厘米，被誉为“天然大氧吧”。1992年4月被批准为国家AAAA级旅游风景区。', 'http://localhost/TourismApp/interface/img/scenery/jms_tyxdlzh.jpg');
COMMIT;

-- ----------------------------
--  Table structure for `scenery`
-- ----------------------------
DROP TABLE IF EXISTS `scenery`;
CREATE TABLE `scenery` (
  `id` int(11) NOT NULL AUTO_INCREMENT,
  `name` varchar(255) DEFAULT NULL,
  `level` int(255) DEFAULT NULL,
  `type` varchar(255) DEFAULT NULL,
  `route` varchar(255) DEFAULT NULL,
  `telephone` varchar(255) DEFAULT NULL,
  `address` varchar(255) DEFAULT NULL,
  `introduce` text,
  `src` varchar(255) DEFAULT NULL,
  `city_id` varchar(255) DEFAULT NULL,
  `collect_many` int(11) DEFAULT NULL,
  PRIMARY KEY (`id`)
) ENGINE=InnoDB AUTO_INCREMENT=43 DEFAULT CHARSET=utf8;

-- ----------------------------
--  Records of `scenery`
-- ----------------------------
BEGIN;
INSERT INTO `scenery` VALUES ('1', '哈尔滨市太阳岛风景区', '5', '自然景观、游玩休闲、冰雪游', '29、80、85路', '0451-88192966', '哈尔滨市-太阳岛风景区-临江街-10号', '哈尔滨太阳岛风景名胜区，国家5A级旅游景区，占地面积88平方公里，外围保护地带规划控制面积为88平方公里，坐落在哈尔滨市松花江北岸，与繁华的市区隔水相望，是全国著名的旅游避暑胜地，是江漫滩湿地草原型风景名胜区夏日，柳绿花红，草木茂盛，花香四溢，白沙碧水，江涛万顷，游人如织；秋时，枫红柏绿，金叶复径，老圃黄花，层林尽染，乘兴登岛一游，则宛如漫步于色彩绚丽的人间仙境；冬季，飞雪轻舞，玉树银花，银装素裹，构成了一幅独具特色的北国风景画卷，素有“北国风光赛江南”之美誉。', 'http://192.168.1.3/TourismApp/interface/img/scenery/heb_tyd.jpeg', '1', '0'), ('2', '东北虎林园', '4', '动植物园、游玩休闲、冰雪游', '35、122、123路', '0451-88080020', '哈尔滨市-松北区-松北街-88号', '东北虎林园是一家集保护、科研、旅游为一体的综合性企业，是哈尔滨市独具特色的旅游景区，也是目前世界上最大的人工饲养、繁育东北虎的基地。 东北虎林园座落在松花江北岸，与太阳岛毗邻。它占地面积144万平方米，拥有各种不同年龄的纯种东北虎300多只。东北虎林园自然特色十分浓郁，具有良好的生态旅游基础。这里的空气质量优良，到处散发着泥土和野草的芳香，使人充分地享受与自然的融合，是一处旅游、休闲、度假的理想之所。', 'http://localhost/TourismApp/interface/img/scenery/heb_dbhly.jpeg', '1', '0'), ('3', '冰雪大世界', '4', '游玩休闲', '88、119、126路', '0451-58561401', '哈尔滨市-松北区-太阳岛西侧（近松北大道）', '中国哈尔滨冰雪大世界始创于1999年，是由黑龙江省哈尔滨市政府为迎接千年庆典神州世纪游活动，凭借哈尔滨的冰雪时节优势，而推出的大型冰雪艺术精品工程，展示了北方名城哈尔滨冰雪文化和冰雪旅游魅力。', 'http://localhost/TourismApp/interface/img/scenery/heb_bxdsj.jpeg', '1', '0'), ('4', '哈尔滨极地馆', '4', '游玩休闲、冰雪游', '88、13、119路', '13766808376', '哈尔滨市-太阳岛风景区内', '哈尔滨极地馆是世界首座极地演艺游乐园，哈尔滨国际冰雪节四大景区之一，国家4A级旅游景区，中国首家以极地动物娱乐表演为核心的游乐园，拥有种类最全的南北极动物[1]  和世界顶级的极地动物表演秀，被全球最大旅游网站“Trip Advisor”评选为“全球杰出景区”。', 'http://localhost/TourismApp/interface/img/scenery/heb_jdg.jpg', '1', '0'), ('5', '森工亚布力滑雪旅游度假区', '4', '滑雪、冰雪游', '长途汽车', '0451-51676088', '哈尔滨市-尚志市-亚布力镇', '亚布力滑雪旅游度假区是国家AAAA级景区，位于黑龙江省哈尔滨市尚志市亚布力镇东南20公里，距哈尔滨市240公里，距雪乡88公里，距牡丹江市120公里，301国道支线直达景区。度假区由长白山脉张广才岭的三座山峰组成，即海拔1374.8米的主峰大锅盔山、海拔1258米的二锅盔山、海拔1000米的三锅盔山', 'http://localhost/TourismApp/interface/img/scenery/heb_ybl.jpg', '1', '0'), ('6', '宾县英杰旅游景区', '3', '温泉、游玩休闲、冰雪游', '长途汽车', '13303666668', '哈尔滨市-宾县-宾州镇-英杰村', '英杰乡隶属宾县管辖。位于县境西南部，哈同高速公路南侧，南与哈尔滨市阿城区毗邻。乡政府驻地距县城14公里。 英杰乡，原名猞猁河村。以发源于大顶子山的猞猁河得名', 'http://localhost/TourismApp/interface/img/scenery/heb_bxyj.jpg', '1', '0'), ('7', '省广播电视塔-龙塔', '4', '游玩休闲', '7、24、71、112路', '0451-82368859', '哈尔滨市-长江路', '龙\n龙塔夜景\n龙塔夜景\n塔坐落于东北第一大城市哈尔滨，塔高336米，是一座集广播电视信号发射、旅游观光、餐饮娱乐、广告传播、环境气象监测、微波通讯、无线通讯等功能于一体的综合性多功能塔。自2000年对外开放以来，龙塔已成为哈尔滨十佳景区、黑龙江省标志性景观、黑龙江省最值得去的旅游景点之一、国家AAAA级旅游风景点', 'http://localhost/TourismApp/interface/img/scenery/heb_lt.jpg', '1', '0'), ('8', '哈尔滨伏尔加庄园', '4', '游玩休闲、冰雪游', '340路', '13796008077', '哈尔滨市-香坊区-城高子镇', '哈尔滨伏尔加庄园是座落于哈尔滨市香坊区成高子镇阿什河畔，占地面积60多万平方米、以俄罗斯风情为主题的“伏尔加庄园”哈尔滨“伏尔加庄园”重现俄经典建筑哈尔滨素有“东方莫斯科”美誉，“伏尔加庄园”大批的经典俄式艺术风格复制建筑，将让哈尔滨市及南方游客在这里领略到难以寻觅的欧陆文化和异域风情，成为哈尔滨市旅游文化又一靓丽的新景观。', 'http://localhost/TourismApp/interface/img/scenery/heb_fejzy.jpg', '1', '0'), ('9', '哈尔滨中央欧陆风情旅游区', '4', '人文历史、冰雪游', '64、74、101、103、118、8、16路', '0451-84684170', '哈尔滨市-道里区-中央大街1号', '中央大街旧称中国大街，是哈尔滨西洋风情的所在。这条大街的形成\n中央大街\n中央大街\n，要追溯到1898年。当年，哈尔滨开始大规模地修筑铁路和城市建设，原沿江地段是古河道，尽是荒凉低洼的草甸子，运送铁路器材的马车在泥泞中开出一条土道，于是中东铁路工程局将沿江荒地拔给散居哈尔滨的中国人，至1900年即形成“中国大街”意为中国人住的大街。中央大街地处哈尔滨的心脏位置，全长1450米，宽21.34米。中央大街步行街区总占地面积94.05公顷，约1平方公里，最具特色的就是整\n教育书店\n教育书店\n条街由方石铺成，其中马路方石路宽10.8米[4]  。街区内共有休闲区17个，停车场18个，欧式古典路灯152盏，草坪绿地14处，约2600平方米，各类雕塑小品5个，喷泉3处。设监控中心1个，全街区共设置30个摄像头，实行全覆盖的24小时不间断监控，确保各类突发事件能得到及时有效处置。中央大街的建筑汇集了欧洲15至16世纪的文艺复兴风格，17世纪\n白天风光\n白天风光(18张)\n 的巴洛克风格，18世纪的折衷主义风格和19世纪的新艺术运动风格等在西方建筑史上最具影响力的建筑流派，这些流派集中涵盖了西方建筑艺术的百年精华', 'http://localhost/TourismApp/interface/img/scenery/heb_zydj.jpg', '1', '0'), ('10', '宾县二龙山旅游风景区', '4', '自然景观、冰雪游', '长途汽车', '0451-57908017', '哈尔滨市-宾县-二龙山', '二龙山是国家AAAA级旅游区，位于哈尔滨市东50公里处，东经127度27分41秒，北纬45度45分59秒,坐落在古城宾州西南。景区占地25平方公里，一湖碧水，三面环山，自然风光，美不胜收。这里既有二龙戏珠、长龙卧波、银峰插翠、碧波唱晚等十大丽景，又有宝岛飞虹、湖面飞鱼等四大奇观。是消暑、度假、休闲、疗养的好地方，年接待中外游客近百万人次', 'http://localhost/TourismApp/interface/img/scenery/heb_els.jpeg', '1', '0'), ('11', '阿城平山旅游风景区', '4', '自然景观、游玩休闲、冰雪游', '长途汽车', '0451-53837739', '哈尔滨市-阿城-平山-神鹿滑雪场旅游区', '平山旅游区位于阿城境内，距哈尔滨市70公里，旅游区内有全国最大的半野生放养式鹿场，鹿场放养梅花鹿、马鹿1000余头，已成为黑龙江省黄金旅游带中一颗璀璨的明珠', 'http://localhost/TourismApp/interface/img/scenery/heb_ps.jpeg', '1', '0'), ('12', '凤凰山森林旅游区', '4', '自然景观、动植物园、冰雪游', '长途汽车', '0451-53573147', '哈尔滨市-五常市-山河屯林业局-施业区内-张广才岭西坡', '黑龙江凤凰山国家森林公园AAAA级景区，是一个环境优美的森林公园。坐落在黑龙江省山河屯林业局凤凰山经营所施业区内，位于长白山系张广才西坡，“天鹅”腹部之上。总面积为5万公顷，有海拔1000米以上山峰89座，主峰海拔1696.2米，为张广才岭之岭首。凤凰山因1994年\"UFO\"事件而驰名中外。如今她正以山雄水澈，峰青峦秀的旖旎身姿，静待知音。', 'http://localhost/TourismApp/interface/img/scenery/heb_fhs.jpg', '1', '0'), ('13', '哈尔滨市金河湾湿地植物园景区', '4', '湿地、自然景观', '13路', '18903669618', '哈尔滨市-松北区-江湾路-5000号', '金河湾湿地公园总面积1.8平方公里，位于哈尔滨松花江城区段北岸，西三环、西四环公路桥北岸结点，是哈尔滨市对水生态系统保护与修复的高纬度河川类原生态湿地景观旅游区。有一岛，两滩，三岗，四园、五池、六洲的岛中岛，水中水景观。', 'http://localhost/TourismApp/interface/img/scenery/heb_jhw.jpg', '1', '0'), ('14', '哈尔滨市呼兰河口湿地公园景区', '4', '湿地、自然景观', '551、552路', '0451-77775555', '哈尔滨市-呼兰区-腰堡街道-东岗村-呼兰老道', '呼兰河口湿地自然保护区位于呼兰区南部、松花江北岸、呼兰河河口。该工程包括湿地保护和监测、湿地恢复及保护区能力建设。将建管理站3个、瞭望塔3座、湿地监测站1个、水文监测点2处、气象监测点1处、动物救护站1处、野生动物疫源疫病监测站1处及动物疫源疫病监测点10处。该项目将退耕还湿255公顷，湿地植被恢复225公顷。建设项目投入资金合计3023.96万元。 从2008年起，哈尔滨市将用3年时间恢复建设国内面积最大的城市湿地——呼兰河口湿地，哈尔滨市内陆湿地生态系统及栖息的珍稀水禽资源将因此得到保护。该工程总面积19262公顷，年内将建科研监测、保护区管理站2个，建设鸟类环志站1个、野生动物疫源疫病监测站1个，恢复湿地面积125公顷。 呼兰河口湿地保护区恢复建成后，将成为我国面积最大的城市湿地', 'http://localhost/TourismApp/interface/img/scenery/heb_hlhk.jpg', '1', '0'), ('15', '哈尔滨市帽儿山旅游区', '3', '自然景观、冰雪游', '长途汽车', '13936527778', '哈尔滨市-尚志市-帽儿山镇', '帽儿山位于黑龙江省南部尚志市帽儿山镇，位于帽儿山火车站北5公里处，距离哈尔滨市84公里，距尚志市尚志镇45公里。 帽儿山位于阿什河上游，属张广才岭西坡，地理坐标：N45°20\'～～45°25\'， E127°30\'～127°34\'，最高海拔805米，面积10平方公里，由侏罗纪中酸性火册岩构成，是哈尔滨市附近的最高峰。为东北林业大学下设的实验林场。2011年-2014年，帽儿山风景区正式进入风景区开发建设新阶段，现已经建成极具特色的休闲度假胜地', 'http://localhost/TourismApp/interface/img/scenery/heb_mes.jpg', '1', '0'), ('16', '哈尔滨市香炉山风景区', '3', '自然景观、冰雪游', '长途汽车', '0451-78293722', '哈尔滨市-宾县-南张广才岭余脉', '相距哈尔滨七十公里，有六座主峰，海拔达七百九十米。香炉山东西长四公里，南北宽三公里，总占地面积一点七万亩。至今保持着原始生态，是距哈尔滨最近的天然森林氧吧经规划后的香炉山风景区是以山岳、森林、水体和冰雪等自然景观为主体，集旅游、度假、冰雪、文化娱乐等综合开发建设为一体的休闲旅游胜地。龙江人秉承在保护原始生态的前提下创造效益，用最真挚的情感去爱这座雄伟壮丽的香炉山，建造一座让世人共享的绿色银行', 'http://localhost/TourismApp/interface/img/scenery/heb_xls.jpg', '1', '0'), ('17', '北大荒现代农业园', '4', '游玩休闲', '69路', '0451-55139850', '哈尔滨市-香坊区-香福路-146号', '园区交通便利，生态环境优良，景色宜人，是“国家AAA级旅游景区” 、“省级农业旅游示范点”、“全国花卉生产示范基地”、“垦区青少年科普教育基地”、“热带植物引种基地”、“青少年爱国主义教育基地”、“青年文明号”。北大荒现代农业园拥有东三省最大的红掌鲜切花基地，拥有全国最大档次最高的生态酒店，普通温室大棚400栋，神农庄园小别墅30栋，整齐划一。有着近10万平方米军事工事场地，让您在优美的环境中真实体验没有硝烟的战争', 'http://localhost/TourismApp/interface/img/scenery/heb_bdh.jpg', '1', '0'), ('18', '哈尔滨市黑龙江省科技馆', '4', '人文历史', '88路', '0451-81190966', '哈尔滨市-太阳岛风景区-科技馆', '黑龙江省科技馆坐落在哈尔滨市太阳岛科技园区，整体为一扬帆启航的船形建筑。全馆占地面积5万平方米，建筑面积25000平方米, 地下一层，地上三层，其中常设展厅可展览面积12000平方米，临时展厅1500平方米,为目前全省规模最大的现代化多功能科普场馆。 全馆共设12个展区和一个专题展览区，设置于一层的五个展区，分别是：数学展区；力学展区；机械展区；航空航天、交通展区；能源、材料展区。二层设置的两个展区分别是：生命、环境展区；声光，电磁学展区。三层设置两个展区分别是：展示了我省林业、地矿、动、植物资源的走进兴安岭展区和儿童动手制作的儿童科学展区。 专题展览区：TRIZ——发明问题解决理论；科学膳食——吃出健康；建设节约型社会——节能我先行', 'http://localhost/TourismApp/interface/img/scenery/heb_kjg.jpeg', '1', '0'), ('19', '哈尔滨北方森林动物园', '4', '动植物园、森林景观', '6、11路', '0451-56556999', '哈尔滨市-阿城区', '哈尔滨北方森林动物园位于黑龙江省哈尔滨市阿城东南部的鸽子洞地区，紧临301国道，距哈尔滨市区43公里，交通便利。动物园总占地848公顷，圆区山峦迭嶂，湖水泛舟。一期工程用地558公顷，总投资2.3亿元人民币，于2004年9月28日正式对外开放，这里是一个神奇的动物王国，园中共建有猛禽、鸟语林、猴山、灵长类馆、中型猛兽馆、极地动物馆等二十几个现代化动物馆舍，及狮虎、鹿、熊、狼、非洲动物五个大型散放区。散放区独特的隔离方式，拉近人与动物的距离。这里共展出动物300种5万余头只，有世界极珍稀动物白虎、白狮、北极熊、非洲猎豹，国家一级保护动物东北虎、亚洲象、白唇鹿、丹顶鹤等；还有从非洲引进的20种近300头只羚角类动物，形成了壮观的非洲动物散放区。全国一流的动物明星，每天在大型动物表演场为游客演出。神秘的野猪林、童话般的儿童动物村', 'http://localhost/TourismApp/interface/img/scenery/heb_bfsldwy.jpg', '1', '0'), ('20', '哈尔滨游乐园（文化公园）', '4', '游玩休闲', '74、78、92、104、105、115、116路', '0451-82525216', '哈尔滨市-南岗区-东大直街-1号', '哈尔滨游乐园位于地处道外区与南岗区交界处，始建于1958年，原名哈尔滨文化公园，占地面积22.8公顷，是东北三省规模最大的现代化露天游乐场，在全国12大游乐园中位居第5位。2010年被国家旅游局评选为“AAAA”级旅游景区（点），被市旅游局指定为旅游定点单位和文明行业示范窗口单位，被黑龙江省评定为“甲级公园”哈尔滨文化公园，曾用名“哈尔滨游乐园”，始建于1958年，是我国建国初期首批文化公园。多年来，该园以“安全为先、服务为先、生态为先、文化为先”为管理理念，打造了一支开拓创新、凝心聚力的公益事业服务团队。年接待游客达200万人次，先后被评为首批“AAAA”级国家旅游景区，获得黑龙江省级文明单位，全国优秀游乐园等荣誉称号。', 'http://localhost/TourismApp/interface/img/scenery/heb_whgy.jpg', '1', '0'), ('21', '哈尔滨金龙山国际旅游度假区', '4', '动植物园、自然景观', '长途汽车', '0451-56563335', '哈尔滨市-阿城区-金龙山镇', '金龙山（横头山）国家森林公园，位于哈尔滨市长江南路48公里处的金代发祥地阿城区境内，座落在我国历史上大金国故都金上京会宁府东部山区的阿城区吉兴、中和林场施业区内，其主峰海拔826米，是哈市第一高峰，公园总面积8515公顷金龙山国家森林公园位于哈尔滨市区东南59公里处阿城大岭乡境内，是2007年经国家林业局审批设立的。横头山主峰海拔826米，为哈市第一高峰，公园总面积10万亩，是距离哈市最近的原始森林公园，这里是哈尔滨的后花园，是养生、休闲、避暑、度假的中心，是天然大氧吧', 'http://localhost/TourismApp/interface/img/scenery/heb_jls.jpg', '1', '0'), ('22', '扎龙自然保护区', '4', '湿地、游玩休闲、冰雪游', '306路', '0452-2441346', '齐齐哈尔-铁锋区-扎龙镇-扎龙存', '扎龙国家级自然保护区是中国最大、世界闻名的扎龙湿地，位于黑龙江省齐齐哈尔市东南30千米处。总面积21万公顷，为亚洲第一、世界第四，也是世界最大的芦苇湿地，是中国首个国家级自然保护区，被列入中国首批“世界重要湿地名录”。扎龙景区是国家AAAA级旅游景区，景区内湖泽密布，苇草丛生，是水禽等鸟类栖息繁衍的天然乐园。世界上现有鹤类15种，中国有9种，扎龙有6种；全世界丹顶鹤不足2000只，扎龙就有400多只', 'http://localhost/TourismApp/interface/img/scenery/qqhe_zl.jpg', '2', '0'), ('23', '明月岛风景区', '4', '自然景观、动植物园、冰雪游', '6路', '0452-2711505', '齐齐哈尔-龙沙区-新江路', '明月岛 原名“泗水岛”。位于黑龙江省齐齐哈尔市区西北7公里的嫩江中游。江心岛。它形同一弯明月倒映在嫩江江水之中，故取名“明月岛”。岛屿东西长约4公里，南北宽约3公里，面积约7．6平方公里。自然环境优美。岛\n明月岛\n明月岛(5张)\n 屿地势蜿蜒起伏，草甸、沼泽错落，两条小河和5个岛中湖点缀其间，500余种植物和15万株树木覆盖着连绵沙丘。春夏时节，树林葱郁，草木繁茂，江鸥、翠鸟、云雀、百灵等争鸣斗艳。周围碧波环绕，水阔天远。岛上，清末有龙王庙，1925年修建了万善寺。当年人们来这里祭祀神灵，祈祷风调雨顺。中华人民共和国建立后，随着城市建设的发展，1982年正式辟为自然景观和古典建筑兼顾的风景游览区。 整个岛域分设森林区、园林植物区、园林生产区、体育活动区和游览区。在中心游览区内，修茸一新的四大古建筑，飞檐画栋，气宇轩昂，颇具北方民族特色。楼阁内的玉皇大帝、太白金星、托塔李天王等彩雕，情态各异，造型逼真。设计精美别致的四角、六角和八角清式古亭，绘制了艳丽夺目的9幅大型壁画，供游人观赏。环岛建有全国最长的儿童小铁路4．5公里，乘车可游览全岛风光', 'http://localhost/TourismApp/interface/img/scenery/qqhe_myd.jpg', '2', '0'), ('24', '龙沙公园', '4', '自然景观、动植物园', '5、15、16路', '0452-2472925', '齐齐哈尔-龙沙区-公园路-32号', '龙沙公园坐落于齐齐哈尔市区中心，已有百年历史。占地面积64公顷，其中水域面积20公顷，是东北地区最大的综合性公园。冬季，龙沙公园举办“龙沙冰景游览会”，增添了一大景观，齐齐哈尔的冰雕作品，在国内外享有盛名，被视为鹤城奇葩。吸引国内外百万游人来观光，龙沙公园已列入《中国名胜词典》龙沙公园内设五个游览区：文化游览区、劳动湖游览区、\n龙沙公园\n龙沙公园\n动物区、游艺娱乐区、花卉观赏区。文化游览区有藏书楼、望江楼、关帝庙、寿公祠、澄江阁等建筑。望江楼坐落于园内劳动湖东岸的假山上，建于1907年，是一座古典园林楼阁，是龙沙公园的代表建筑，整个公园的游览中心。寿山祠是1926年为纪念民族英雄寿山将军而建，是龙沙公园的园中之园。 动物区有东北虎、非洲狮、金钱豹、棕熊、驼鹿和丹顶鹤等上百种禽兽。游艺娱乐区有电动宇宙飞船、升降式飞机和大型综合娱乐厅等。花卉观赏区有花卉140多种', 'http://localhost/TourismApp/interface/img/scenery/qqhe_lsgy.jpg', '2', '0'), ('25', '扎龙温泉旅游（鹤之汤）度假景村', '4', '游玩休闲、冰雪游', '长途汽车', '0452-2533522', '齐齐哈尔-齐扎公路-15公里处', '鹤之汤温泉养身馆坐落于中国最美湿地扎龙自然保护区，是二十年历史明道集团在黑龙江重点开发的扎龙温泉小镇的第一个运行项目', 'http://localhost/TourismApp/interface/img/scenery/qqhe_hzt.jpg', '2', '0'), ('26', '牡丹江镜泊湖风景名胜区', '5', '自然景观、动植物园、冰雪游', '长途汽车', '0453-6996683', '牡丹江-西三条路-190号', '世界地质公园、国家重点风景名胜区、国际生态旅游度假避暑胜地、全国文明风景旅游区示范点、中国十佳休闲旅游胜地，中国最大、世界第二大高山堰塞湖镜泊湖位于黑龙江省牡丹江市宁安市，地处松花江支流牡丹江干流上，距宁安城50公里。湖面海拔351米，湖水平均深度40米，一般水位最高353米，最低345米，年平均流量每秒 9.2-10立方米，蓄水量16.25亿立方米。注入湖泊的河流除牡丹江干流外，还有大梨树沟河、尔站西沟河等小河流。唐代，满族先民——靺鞨人称镜泊湖为忽汗海，辽称扑鷰水，金称必尔腾湖，清初宁古塔流入以湖水照人如镜而命名为镜泊湖镜泊湖国家级风景名胜区由百里长湖景区、火山口原始森林景区、渤海国上京龙泉府遗址景区三部分组成，总体规划面积为1726平方公里。以湖光山色为主，兼有火山口地下原始森林、地下熔岩隧道等地质奇观，及唐代渤海国遗址为代表的历史人文景观，是可供科研、避暑、游览、观光、度假和文化交流活动的综合性景区。\n中文名 镜泊湖 外文名 Jingbo Lake 所属水系 松花江支流牡丹江水系 地理位置 黑龙江省牡丹江市宁安市境西南部 面    积 约95平方公里', 'http://localhost/TourismApp/interface/img/scenery/mdj_jph.jpg', '3', '0'), ('27', '森工雪乡旅游区', '4', '自然景观', '长途汽车', '0453-7550244', '牡丹江-海林市-大海林林业局-双峰林场', '黑龙江雪乡国家森林公园位于牡丹江市西南部，距海林市56公里，距牡丹江市74公里。地处东经128°12′40″，北纬44°27′31″。[1]  公园座落于长白山系张广才岭东南坡，牡丹江支流海浪河中上游，于张广才岭、老爷岭的交汇处，与海林林业局搭界，南靠东京城林业局，西南以老爷岭为分水岭与吉林省黄泥河子林业局接壤，北与苇河、亚布力林业局交界，东南与国营红海林农业场毗邻。', 'http://localhost/TourismApp/interface/img/scenery/mdj_xx.jpeg', '3', '0'), ('28', '富锦湿地旅游区', '4', '湿地、自然景观', '长途汽车', '136345678909', '佳木斯-富锦市-锦山镇-黑鱼泡滞洪区', '富锦国家湿地公园，坐落在黑龙江省富锦市域内的富锦国家湿地公园总面积2200公顷，园区内有“二池、一亭、五区”八大游览娱乐景区。这片广茂的绿洲，也就成为了候鸟的重要繁殖地和迁徙地。经国家环志中心专家测察，在湿地公园内筑巢栖息的国家一级保护的鸟类有丹顶鹤、东方白鹳、白头鹤。国家二级保护的鸟类有白枕鹤、大天鹅、白琵鹭以及各种水禽达 42种', 'http://localhost/TourismApp/interface/img/scenery/jms_fjsd.jpeg', '4', '0'), ('29', '汤原县大亮子河国家森林公园', '4', '自然景观、冰雪游', '长途汽车', '130234567738', '佳木斯-汤原县-团亮公路', '黑龙江大亮子河国家森林公园位于黑龙江省佳木斯市汤原县大亮子河红松母树林场境内，地处小兴安岭余脉南麓，距离汤原县县城55公里，景区占地面积6689公顷。公园植被以针叶、针阔混交林为主，属典型长白山—小兴安岭植物区系，森林覆盖率为97%。空气中负氧离子含量4.6万个/立方厘米，被誉为“天然大氧吧”。1992年4月被批准为国家AAAA级旅游风景区。', 'http://localhost/TourismApp/interface/img/scenery/jms_tyxdlzh.jpg', '4', '0'), ('30', '鸡西虎林市虎头旅游风景区', '4', '人文历史、冰雪游', '长途汽车', '0467-5798333', '鸡西-虎林市-虎头镇', '虎头珍宝岛旅游风景区位于黑龙江省虎林市虎头镇，隔乌苏里江与俄罗斯相望，是黑龙江省唯一一处非城市中心型旅游资源集合区，是第二次世界大战的终结地、珍宝岛精神发祥地、北大荒精神肇始地，是国家AAAA级旅游景区、国家特色景观旅游名镇、黑龙江省旅游名镇', 'http://localhost/TourismApp/interface/img/scenery/jx_hlht.jpg', '5', '0'), ('31', '密山北大荒书法长廊', '4', '人文历史', '长途汽车', '0467-5400009', '鸡西-密山市-人事局', '北大荒书法长廊是国家AAA级景区，距密山市区10公里，占地面积4.2万平方米。北大荒书法长廊整体构思独特，依山建筑，错落有致，亭、台、碑、廊、墙等形态各异，雕刻精美，西门门楣是一支花岗岩石雕刻而成的如椽巨笔，长8.56米，直径0.38米，重达2.61吨，被上海大世界基尼斯总部列为“天下第一笔”\n。2000余块石碑、石刻，集书法艺术之大成的书法长廊和由书法长廊和石刻组成的迷宫，此外，这里还有十万官兵和知青共同建设的青年水库旅游区。', 'http://localhost/TourismApp/interface/img/scenery/jx_msbdssf.jpeg', '5', '0'), ('32', '大庆市林甸温泉欢乐谷旅游景区', '4', '游玩休闲、冰雪游', '长途汽车', '0459-277277', '大庆-林甸县-政府西侧', '欢乐谷主要建设五区六十八景，分别为温泉养生区\n林甸北方欢乐谷\n林甸北方欢乐谷\n、祈福养心区、儿童乐园区、生命演生区、休闲度假区。', 'http://localhost/TourismApp/interface/img/scenery/dq_ldwq.jpg', '6', '0'), ('33', '大庆油田历史陈列馆', '4', '人文历史', '35、1、32、23、24路', '0459-5813777', '大庆-萨尔图区-中七路-32号', '陈列馆集教育功能、展示功能、研究功能、旅游功能以及人性化服务功能相融一体，成为展示大庆油田文化、石油员工风采的重要基地。陈列馆也是爱国主义教育的基地、企业形象展示的窗口、油田历史研究的场所、优秀文化交流的平台、缅怀石油先辈的殿堂和旅游休闲观光的圣地', 'http://localhost/TourismApp/interface/img/scenery/dq_ytlsclg.jpg', '6', '0'), ('34', '鹤鸣湖湿地温泉景区', '4', '温泉、湿地', '23、15路', '13349491111', '大庆-林甸县-三合乡-南岗村', '鹤鸣湖以前叫 “穆桂英湖”。相传在北宋年间，宋辽两国开战，穆桂英率数万大军征讨辽兵，行军至此，正赶上此地连年干涸寸草不生，颗粒未收，民不聊生，百姓流离失所。穆桂英急命士兵用军粮赈济灾民，并设案焚香祈求天降祥雨一缓灾情，而自己为了节省粮食数日粒米未进。此举感动了南海观音大士，施以仙露，瞬息之间，细雨连绵，数日不绝。雨过之后，军马踏过之处湖水清澈，芦苇葱郁，犹如仙境。此后，此地风调雨顺，湖中鱼肥水美，芦苇如涛，岸上牛肥马壮，稻谷飘香，村中挖地2米即可得水，水质清凉爽口，无比甘甜。百姓农忙耕手，农闲渔猎，生活富足，与世无争，如世外桃源。当地的人们因感恩穆桂英的公德，将此地取名“穆桂英湖”', 'http://localhost/TourismApp/interface/img/scenery/dq_hmhsd.jpg', '6', '0'), ('35', '清源湖旅游景区', '4', '生态休闲、冰雪游', '99、88路', '0468-3350130', '鹤岗-鹤伊公路-9公里处', '清源湖生态景区于2009年开始大规模建设，截止到2012年底，完成了欧式大门及广场、水文化浮雕墙、五花山平台改建、五花山甬道、景区道路扩建、电瓶车道铺装、环湖路、荷莲花池、湿地公园、服务中心、标准化水冲式厕所、园林绿化、花海、景区亮化、音响及监控、野鱼垂钓湖、坝下农业观光生态示范区、彩色艺术地坪等工程，累计完成投资5914万元，景区建设正在推进，十大功能组团已初具规模，整体接待功能显著提升', 'http://localhost/TourismApp/interface/img/scenery/hg_qyh.jpeg', '7', '0'), ('36', '鹤岗山水旅游景区', '3', '自然景观、冰雪游', '22、33路', '0468-4526262', '鹤岗-山水景区', '岛上土质肥沃，树木成林，植被茂密，生长着桦、柳、榆、杨等多种阔叶树木及狐狸、黄鼬、貂子等许多小型杂食动物，并且还是鹭鸶等水禽夏候鸟的栖息地。经多年的江水冲刷，岸边坍塌，沙滩扩大，江汊增宽，此岛面积虽有缩小，因四周长有茂盛的柳树，对岛屿起到了保护作用，故而此岛的面积变化不大', 'http://localhost/TourismApp/interface/img/scenery/hg_ssly.jpeg', '7', '0'), ('37', '七台河西大圈旅游区', '4', '自然景观', '44路', '13909284743', '七台河-勃利县-林业局', '公园内有极其丰富的自然景观，洪峡谷可供漂流，河水清澈见底，河道磐石错落、蜿蜒曲折，两岸树木高大茂盛，百鸟争鸣，百花争艳，景色秀美；卧龙峰可供攀登，峰顶是一座高43米、长350米的悬崖，崖的一侧怪石林立，千姿百态，让人领略到大自然鬼斧神工般的神奇魅力；原始森林面积近100公顷，由水曲柳、胡桃楸、黄菠萝及红白松树种组成，平均树龄250年以上，最高可达500年左右，这里生长着长白山系的所有乔灌木、藤条、草本和其他奇花异草千余种。这里空气清香，沁人心脾，有天然氧吧之美称，此外还有壮美白桦林景观、五味子景观等', 'http://localhost/TourismApp/interface/img/scenery/qth_xdq.jpg', '8', '0'), ('38', '农垦八五三燕窝岛旅游度假区', '4', '自然景观', '长途汽车', '0469-5390853', '双鸭山-农垦总局-红兴隆分局-853农场', '全场现有 6个农业分场，63个生产连，4个林场，17家工业企业，总人口4.5万人。雁窝岛自然保护区是世界上为数不多的大面积湿地之一，区内容纳了由低到高等植物56科500余种；兽类5目12科25种；鸟类11目21科189种；鱼类8科25种以及大量的水生生物、昆虫资源，是我国不可多得的生物多样性繁殖基地，为农场生产无污染天然绿色食品，提供了良好的生态环境', 'http://localhost/TourismApp/interface/img/scenery/sys_nkbws.jpeg', '9', '0'), ('39', '伊春汤旺河石林风景区', '4', '自然景观', '长途汽车', '0458-3574042', '伊春-汤旺河区-小兴安岭南', '汤旺河石林风景区位于汤旺河林业局西汤路二支线3.5公里路南150米处的一片密林中，平地拔起高大雄伟的块块花岗岩石，其形似柱，称为石林。石林有两丛，第一丛由六座石林组成，北四南二，其中第一座石林高9.09米； 第二座与第三座石峰之间仅30厘米，称为“一线天”。第二丛北二南一。北面，一座石峰高24.8米，另一座有三峰，最高25.1米，与第一座石峰相距40厘米，被称为第二“一线天”，是伊春市奇峰怪石中最多的一处石林自然景观', 'http://localhost/TourismApp/interface/img/scenery/yc_twhsl.jpg', '10', '0'), ('40', '望龙山国家森林公园', '3', '自然景观、冰雪游', '长途汽车', '0455-2812755', '绥化-庆安-国有林场管理局-曙光林场', '黑龙江望龙山国家森林公园位于庆安林管局曙光林场境内，总面积2152公顷，距铁力市北13公里，距省会哈尔滨170公里，距庆安县城50公里。经多年建设，现已初具规模，具备了接待游客的一定能力和水平，是省城以东知名森林旅游胜地', 'http://localhost/TourismApp/interface/img/scenery/sh_wls.jpg', '11', '0'), ('41', '五大连池风景区', '5', '自然景观、冰雪游', '旅游班车', '0456-7222221', '黑河-五大连池风景区', '五大连池风景区（The Wudalianchi Scenic Area）：国家AAAAA级景区、世界地质公园、世界人与生物圈保护区、国际绿色名录、国家重点风景名胜区、国家级自然保护区、国家森林公园、国家自然遗产、中国矿泉水之乡、中国著名火山之乡、圣水节（药泉会）国家非物质文化遗产', 'http://localhost/TourismApp/interface/img/scenery/hh_wdlc.jpg', '12', '0'), ('42', '漠河北极村旅游区', '5', '自然景观、冰雪游', '旅游班车', '0457-2884146', '大兴安岭-漠河-漠河乡', '北极村位于地处黑龙江省漠河县临江小镇，大兴安岭山脉北麓的七星山脚下，是中国唯一观测北极光的最佳地点，是中国“北方第一哨”所在地，也是中国最北的城镇。北极村不仅仅是一个历史悠久古镇，逐渐成了一种象征、一个坐标。每年都有很多人从世界各地来到这里，体会那份最北的幸福', 'http://localhost/TourismApp/interface/img/scenery/dxal_bjc.jpg', '13', '0');
COMMIT;

-- ----------------------------
--  Table structure for `user`
-- ----------------------------
DROP TABLE IF EXISTS `user`;
CREATE TABLE `user` (
  `id` int(10) NOT NULL AUTO_INCREMENT,
  `phoneNumber` varchar(11) NOT NULL,
  `passWord` varchar(16) NOT NULL,
  PRIMARY KEY (`id`,`phoneNumber`)
) ENGINE=InnoDB AUTO_INCREMENT=7 DEFAULT CHARSET=utf8;

-- ----------------------------
--  Records of `user`
-- ----------------------------
BEGIN;
INSERT INTO `user` VALUES ('1', '18745708406', 'ljt1994'), ('2', '18745708401', 'ljt1994'), ('3', '18745708400', '121212'), ('5', '18745708402', '111111'), ('6', '18804638378', 'guyu1997');
COMMIT;

SET FOREIGN_KEY_CHECKS = 1;
